fpr,tpr
0.0,0.0
0.0,3.483786457825281e-06
0.0,0.008705982358105378
2.12226811037492e-06,0.008705982358105378
2.12226811037492e-06,0.07405833252044983
4.24453622074984e-06,0.07405833252044983
4.24453622074984e-06,0.07912375803012779
6.36680433112476e-06,0.07912375803012779
6.36680433112476e-06,0.08720962639874026
8.48907244149968e-06,0.08720962639874026
8.48907244149968e-06,0.09297180919998328
1.06113405518746e-05,0.09297180919998328
1.06113405518746e-05,0.09379746659048786
1.273360866224952e-05,0.09379746659048786
1.273360866224952e-05,0.10807750728111369
1.4855876772624439e-05,0.10807750728111369
1.4855876772624439e-05,0.10883348894246178
1.697814488299936e-05,0.10883348894246178
1.697814488299936e-05,0.12225651816446259
1.9100412993374278e-05,0.12225651816446259
1.9100412993374278e-05,0.12482755257033765
2.12226811037492e-05,0.12482755257033765
2.12226811037492e-05,0.12621758336700994
2.334494921412412e-05,0.12621758336700994
2.334494921412412e-05,0.149764496035451
2.546721732449904e-05,0.149764496035451
2.546721732449904e-05,0.15558938699293487
2.758948543487396e-05,0.15558938699293487
2.758948543487396e-05,0.15603879544599433
2.9711753545248878e-05,0.15603879544599433
2.9711753545248878e-05,0.15744624517495576
3.18340216556238e-05,0.15744624517495576
3.18340216556238e-05,0.15806984295090648
3.395628976599872e-05,0.15806984295090648
3.395628976599872e-05,0.1649468374186536
3.607855787637364e-05,0.1649468374186536
3.607855787637364e-05,0.16505483479884617
3.8200825986748555e-05,0.16505483479884617
3.8200825986748555e-05,0.16554953247585735
4.032309409712348e-05,0.16554953247585735
4.032309409712348e-05,0.16575159209041124
4.24453622074984e-05,0.16575159209041124
4.24453622074984e-05,0.16582475160602556
4.456763031787332e-05,0.16582475160602556
4.456763031787332e-05,0.1667409874444336
4.668989842824824e-05,0.1667409874444336
4.668989842824824e-05,0.1667967280277588
4.8812166538623156e-05,0.1667967280277588
4.8812166538623156e-05,0.18399618177004223
5.093443464899808e-05,0.18399618177004223
5.093443464899808e-05,0.19258719917503936
5.3056702759372994e-05,0.19258719917503936
5.3056702759372994e-05,0.19396329482588034
5.517897086974792e-05,0.19396329482588034
5.517897086974792e-05,0.19411309764356685
5.730123898012284e-05,0.19411309764356685
5.730123898012284e-05,0.1942315463831329
5.9423507090497756e-05,0.1942315463831329
5.9423507090497756e-05,0.19432212483103636
6.154577520087267e-05,0.19432212483103636
6.154577520087267e-05,0.22716377976895527
6.36680433112476e-05,0.22716377976895527
6.36680433112476e-05,0.2346887585178579
6.579031142162252e-05,0.2346887585178579
6.579031142162252e-05,0.23470617745014702
6.791257953199743e-05,0.23470617745014702
6.791257953199743e-05,0.23517648862195342
7.003484764237235e-05,0.23517648862195342
7.003484764237235e-05,0.2371169576789621
7.215711575274728e-05,0.2371169576789621
7.215711575274728e-05,0.2375001741893229
7.42793838631222e-05,0.2375001741893229
7.42793838631222e-05,0.23753501205390115
7.640165197349711e-05,0.23753501205390115
7.640165197349711e-05,0.2405763576315826
7.852392008387204e-05,0.2405763576315826
7.852392008387204e-05,0.2464883432505121
8.064618819424696e-05,0.2464883432505121
8.064618819424696e-05,0.24652318111509036
8.276845630462187e-05,0.24652318111509036
8.276845630462187e-05,0.24655105140675296
8.48907244149968e-05,0.24655105140675296
8.48907244149968e-05,0.2639839188417107
8.701299252537172e-05,0.2639839188417107
8.701299252537172e-05,0.2644577137999749
8.913526063574663e-05,0.2644577137999749
8.913526063574663e-05,0.28003720683936956
9.125752874612155e-05,0.28003720683936956
9.125752874612155e-05,0.30984448377252266
9.337979685649648e-05,0.30984448377252266
9.337979685649648e-05,0.3122482964284221
9.55020649668714e-05,0.3122482964284221
9.55020649668714e-05,0.3122622315742534
9.762433307724631e-05,0.3122622315742534
9.762433307724631e-05,0.31261409400649376
9.974660118762124e-05,0.31261409400649376
9.974660118762124e-05,0.3271275483897939
0.00010186886929799616,0.3271275483897939
0.00010186886929799616,0.3280786220927802
0.00010399113740837107,0.3280786220927802
0.00010399113740837107,0.34339334736138016
0.00010611340551874599,0.34339334736138016
0.00010611340551874599,0.343734758434247
0.00010823567362912092,0.343734758434247
0.00010823567362912092,0.355220802385697
0.00011035794173949583,0.355220802385697
0.00011035794173949583,0.3824953665640111
0.00011248020984987075,0.3824953665640111
0.00011248020984987075,0.39038614289098533
0.00011460247796024568,0.39038614289098533
0.00011460247796024568,0.3955700171402294
0.0001167247460706206,0.3955700171402294
0.0001167247460706206,0.3958452362703976
0.00011884701418099551,0.3958452362703976
0.00011884701418099551,0.3960298769526623
0.00012096928229137043,0.3960298769526623
0.00012096928229137043,0.3967266342442274
0.00012309155040174534,0.3967266342442274
0.00012309155040174534,0.40893033820598934
0.00012521381851212027,0.40893033820598934
0.00012521381851212027,0.40934490879447055
0.0001273360866224952,0.40934490879447055
0.0001273360866224952,0.41235141650757373
0.0001294583547328701,0.41235141650757373
0.0001294583547328701,0.43916612087345497
0.00013158062284324503,0.43916612087345497
0.00013158062284324503,0.4426359721854489
0.00013370289095361996,0.4426359721854489
0.00013370289095361996,0.44954432073131645
0.00013582515906399487,0.44954432073131645
0.00013582515906399487,0.4726244060144089
0.0001379474271743698,0.4726244060144089
0.0001379474271743698,0.5278807430219757
0.0001400696952847447,0.5278807430219757
0.0001400696952847447,0.6575124371176544
0.00014219196339511963,0.6575124371176544
0.00014219196339511963,0.6647099399395214
0.00014431423150549456,0.6647099399395214
0.00014431423150549456,0.6693677624336338
0.00014643649961586946,0.6693677624336338
0.00014643649961586946,0.7659661933362133
0.0001485587677262444,0.7659661933362133
0.0001485587677262444,0.9204860578865958
0.00015068103583661932,0.9204860578865958
0.00015068103583661932,0.9275720795418124
0.00015280330394699422,0.9275720795418124
0.00015280330394699422,0.9284883153802205
0.00015492557205736915,0.9284883153802205
0.00015492557205736915,0.9304218168643135
0.00015704784016774408,0.9304218168643135
0.00015704784016774408,0.9336269004055128
0.00015917010827811898,0.9336269004055128
0.00015917010827811898,0.9338150248742353
0.0001612923763884939,0.9338150248742353
0.0001612923763884939,0.9364313485040621
0.00016341464449886884,0.9364313485040621
0.00016341464449886884,0.9371176544362537
0.00016553691260924374,0.9371176544362537
0.00016553691260924374,0.9375984169674335
0.00016765918071961867,0.9375984169674335
0.00016765918071961867,0.9403157704045373
0.0001697814488299936,0.9403157704045373
0.0001697814488299936,0.941956633826173
0.0001719037169403685,0.941956633826173
0.0001719037169403685,0.9450990092111314
0.00017402598505074344,0.9450990092111314
0.00017402598505074344,0.9454578392162873
0.00017614825316111834,0.9454578392162873
0.00017614825316111834,0.9478546842992712
0.00017827052127149327,0.9478546842992712
0.00017827052127149327,0.9526797285433592
0.0001803927893818682,0.9526797285433592
0.0001803927893818682,0.9568219506417135
0.0001825150574922431,0.9568219506417135
0.0001825150574922431,0.957229553657279
0.00018463732560261803,0.957229553657279
0.00018463732560261803,0.9591073145580469
0.00018675959371299296,0.9591073145580469
0.00018675959371299296,0.9593720823288415
0.00018888186182336786,0.9593720823288415
0.00018888186182336786,0.959901617870431
0.0001910041299337428,0.959901617870431
0.0001910041299337428,0.9602987695266231
0.00019312639804411772,0.9602987695266231
0.00019312639804411772,0.9606157940942852
0.00019524866615449262,0.9606157940942852
0.00019524866615449262,0.9608352726411282
0.00019737093426486755,0.9608352726411282
0.00019737093426486755,0.9626120037346191
0.00019949320237524248,0.9626120037346191
0.00019949320237524248,0.9626956146096068
0.00020161547048561738,0.9626956146096068
0.00020161547048561738,0.9628907066512451
0.00020373773859599231,0.9628907066512451
0.00020373773859599231,0.9632948258803529
0.00020586000670636722,0.9632948258803529
0.00020586000670636722,0.9635247557865693
0.00020798227481674215,0.9635247557865693
0.00020798227481674215,0.9639671966667132
0.00021010454292711708,0.9639671966667132
0.00021010454292711708,0.9642424157968813
0.00021222681103749198,0.9642424157968813
0.00021222681103749198,0.9647649837655551
0.0002143490791478669,0.9647649837655551
0.0002143490791478669,0.964827691921796
0.00021647134725824184,0.964827691921796
0.00021647134725824184,0.9650611056144702
0.00021859361536861674,0.9650611056144702
0.00021859361536861674,0.965684703390421
0.00022071588347899167,0.965684703390421
0.00022071588347899167,0.9657961845570714
0.0002228381515893666,0.9657961845570714
0.0002228381515893666,0.9662699795153357
0.0002249604196997415,0.9662699795153357
0.0002249604196997415,0.9663988796142752
0.00022708268781011643,0.9663988796142752
0.00022708268781011643,0.967001574671479
0.00022920495592049136,0.967001574671479
0.00022920495592049136,0.967039896322515
0.00023132722403086626,0.967039896322515
0.00023132722403086626,0.9674126614735024
0.0002334494921412412,0.9674126614735024
0.0002334494921412412,0.9675241426401527
0.0002355717602516161,0.9675241426401527
0.0002355717602516161,0.9675903345828514
0.00023769402836199102,0.9675903345828514
0.00023769402836199102,0.9680501943952844
0.00023981629647236595,0.9680501943952844
0.00023981629647236595,0.9682627053692117
0.00024193856458274086,0.9682627053692117
0.00024193856458274086,0.9685030866348017
0.00024406083269311579,0.9685030866348017
0.00024406083269311579,0.9685762461504159
0.0002461831008034907,0.9685762461504159
0.0002461831008034907,0.9686807597441507
0.00024830536891386564,0.9686807597441507
0.00024830536891386564,0.9687608868326807
0.00025042763702424055,0.9687608868326807
0.00025042763702424055,0.9693844846086315
0.00025254990513461545,0.9693844846086315
0.00025254990513461545,0.9695795766502696
0.0002546721732449904,0.9695795766502696
0.0002546721732449904,0.9697398308273296
0.0002567944413553653,0.9697398308273296
0.0002567944413553653,0.970210141999136
0.0002589167094657402,0.970210141999136
0.0002589167094657402,0.9702867853012082
0.00026103897757611517,0.9702867853012082
0.00026103897757611517,0.9703564610303647
0.00026316124568649007,0.9703564610303647
0.00026316124568649007,0.9703669123897382
0.00026528351379686497,0.9703669123897382
0.00026528351379686497,0.9705132314209668
0.00026952805001761483,0.9705132314209668
0.00026952805001761483,0.9705341341397138
0.00027165031812798973,0.9705341341397138
0.00027165031812798973,0.9706943883167737
0.0002737725862383647,0.9706943883167737
0.0002737725862383647,0.9707048396761472
0.0002758948543487396,0.9707048396761472
0.0002758948543487396,0.9707222586084363
0.0002780171224591145,0.9707222586084363
0.0002780171224591145,0.9708476749209181
0.0002801393905694894,0.9708476749209181
0.0002801393905694894,0.9708546424938337
0.00028226165867986435,0.9708546424938337
0.00028226165867986435,0.9709138668636167
0.00028438392679023926,0.9709138668636167
0.00028438392679023926,0.9709696074469419
0.00028650619490061416,0.9709696074469419
0.00028650619490061416,0.9709870263792311
0.0002886284630109891,0.9709870263792311
0.0002886284630109891,0.9710601858948454
0.000290750731121364,0.9710601858948454
0.000290750731121364,0.9710671534677611
0.0002928729992317389,0.9710671534677611
0.0002928729992317389,0.9710741210406767
0.0002949952673421139,0.9710741210406767
0.0002949952673421139,0.9710915399729658
0.0002971175354524888,0.9710915399729658
0.0002971175354524888,0.9711716670614958
0.0002992398035628637,0.9711716670614958
0.0002992398035628637,0.9712308914312788
0.00030136207167323864,0.9712308914312788
0.00030136207167323864,0.9712343752177367
0.00030348433978361354,0.9712343752177367
0.00030348433978361354,0.9712378590041945
0.00030560660789398844,0.9712378590041945
0.00030560660789398844,0.9712866320146041
0.0003077288760043634,0.9712866320146041
0.0003077288760043634,0.9713841780354231
0.0003098511441147383,0.9713841780354231
0.0003098511441147383,0.9714015969677122
0.0003119734122251132,0.9714015969677122
0.0003119734122251132,0.9714190159000013
0.00031409568033548816,0.9714190159000013
0.00031409568033548816,0.9714364348322905
0.00031621794844586306,0.9714364348322905
0.00031621794844586306,0.9715130781343627
0.00031834021655623797,0.9715130781343627
0.00031834021655623797,0.9715548835718566
0.0003204624846666129,0.9715548835718566
0.0003204624846666129,0.9715827538635192
0.0003225847527769878,0.9715827538635192
0.0003225847527769878,0.9715932052228926
0.00032470702088736273,0.9715932052228926
0.00032470702088736273,0.9716036565822661
0.0003268292889977377,0.9716036565822661
0.0003268292889977377,0.9716245593010131
0.0003289515571081126,0.9716245593010131
0.0003289515571081126,0.9716419782333022
0.0003310738252184875,0.9716419782333022
0.0003310738252184875,0.9717151377489165
0.00033319609332886245,0.9717151377489165
0.00033319609332886245,0.9717673945457839
0.00033531836143923735,0.9717673945457839
0.00033531836143923735,0.9717882972645309
0.00033744062954961225,0.9717882972645309
0.00033744062954961225,0.9719346162957595
0.0003416851657703621,0.9719346162957595
0.0003416851657703621,0.97196597037388
0.000343807433880737,0.97196597037388
0.000343807433880737,0.9719799055197113
0.0003459297019911119,0.9719799055197113
0.0003459297019911119,0.9720147433842895
0.00034805197010148687,0.9720147433842895
0.00034805197010148687,0.9720600326082413
0.0003501742382118618,0.9720600326082413
0.0003501742382118618,0.9720809353269882
0.0003522965063222367,0.9720809353269882
0.0003522965063222367,0.9720913866863616
0.00035441877443261163,0.9720913866863616
0.00035441877443261163,0.9721157731915665
0.00035654104254298654,0.9721157731915665
0.00035654104254298654,0.9722098354259278
0.00035866331065336144,0.9722098354259278
0.00035866331065336144,0.9728856899987458
0.0003607855787637364,0.9728856899987458
0.0003607855787637364,0.9749898970192723
0.0003629078468741113,0.9749898970192723
0.0003629078468741113,0.975115313331754
0.0003650301149844862,0.975115313331754
0.0003650301149844862,0.9754462730452474
0.00036715238309486116,0.9754462730452474
0.00036715238309486116,0.9764147656805229
0.00036927465120523606,0.9764147656805229
0.00036927465120523606,0.9767283064617271
0.00037139691931561096,0.9767283064617271
0.00037139691931561096,0.9768397876283775
0.0003735191874259859,0.9768397876283775
0.0003735191874259859,0.9774599016178704
0.0003756414555363608,0.9774599016178704
0.0003756414555363608,0.9796964925237943
0.0003777637236467357,0.9796964925237943
0.0003777637236467357,0.980239963211215
0.0003798859917571107,0.980239963211215
0.0003798859917571107,0.9802922200080824
0.0003820082598674856,0.9802922200080824
0.0003820082598674856,0.9810133638048523
0.0003841305279778605,0.9810133638048523
0.0003841305279778605,0.9812084558464904
0.00038625279608823544,0.9812084558464904
0.00038625279608823544,0.9815951561433091
0.00038837506419861034,0.9815951561433091
0.00038837506419861034,0.9822117863463441
0.00039049733230898525,0.9822117863463441
0.00039049733230898525,0.9824974568358857
0.0003926196004193602,0.9824974568358857
0.0003926196004193602,0.9825462298462954
0.0003947418685297351,0.9825462298462954
0.0003947418685297351,0.9825671325650422
0.00039686413664011,0.9825671325650422
0.00039686413664011,0.9835251738409443
0.00039898640475048496,0.9835251738409443
0.00039898640475048496,0.9836331712211368
0.00040110867286085987,0.9836331712211368
0.00040110867286085987,0.9836401387940524
0.00040323094097123477,0.9836401387940524
0.00040323094097123477,0.9836923955909198
0.00040535320908160967,0.9836923955909198
0.00040535320908160967,0.9837063307367512
0.00040747547719198463,0.9837063307367512
0.00040747547719198463,0.9840999986064854
0.00040959774530235953,0.9840999986064854
0.00040959774530235953,0.9845110854085088
0.00041172001341273443,0.9845110854085088
0.00041172001341273443,0.9846330179345327
0.0004138422815231094,0.9846330179345327
0.0004138422815231094,0.9847375315282675
0.0004159645496334843,0.9847375315282675
0.0004159645496334843,0.9847549504605566
0.0004180868177438592,0.9847549504605566
0.0004180868177438592,0.9974986413232815
0.00042233135396460905,0.9974986413232815
0.00042233135396460905,0.9988468666824598
0.00045204310750985796,0.9988468666824598
0.00045204310750985796,0.9988503504689177
0.00045416537562023286,0.9988503504689177
0.00045416537562023286,0.9988573180418333
0.0004647767161721075,0.9988573180418333
0.0004647767161721075,0.9988608018282912
0.00048812166538623157,0.9988608018282912
0.00048812166538623157,0.9988677694012068
0.0004923662016069814,0.9988677694012068
0.0004923662016069814,0.9988712531876646
0.000502977542158856,0.9988712531876646
0.000502977542158856,0.9988747369741224
0.0005114666146003557,0.9988747369741224
0.0005114666146003557,0.9988782207605803
0.0005326892957041049,0.9988782207605803
0.0005326892957041049,0.9988817045470381
0.0005348115638144799,0.9988817045470381
0.0005348115638144799,0.9988851883334959
0.0005454229043663544,0.9988851883334959
0.0005454229043663544,0.9988886721199537
0.0005539119768078541,0.9988886721199537
0.0005539119768078541,0.9988921559064116
0.0006027241433464773,0.9988921559064116
0.0006027241433464773,0.9988956396928694
0.0006133354838983518,0.9988956396928694
0.0006133354838983518,0.9988991234793272
0.0006154577520087268,0.9988991234793272
0.0006154577520087268,0.9989060910522428
0.0006239468244502264,0.9989060910522428
0.0006239468244502264,0.9989095748387007
0.0006345581650021011,0.9989095748387007
0.0006345581650021011,0.9989130586251586
0.0006388027012228509,0.9989130586251586
0.0006388027012228509,0.9989165424116163
0.0006472917736643506,0.9989165424116163
0.0006472917736643506,0.9989200261980742
0.0006515363098851004,0.9989200261980742
0.0006515363098851004,0.9989235099845319
0.000687614867761474,0.9989235099845319
0.000687614867761474,0.9989304775574477
0.000689737135871849,0.9989304775574477
0.000689737135871849,0.9989339613439054
0.0007024707445340985,0.9989339613439054
0.0007024707445340985,0.9989374451303633
0.0007321824980793474,0.9989374451303633
0.0007321824980793474,0.9989409289168211
0.0007555274472934714,0.9989409289168211
0.0007555274472934714,0.9989444127032789
0.0007640165197349712,0.9989444127032789
0.0007640165197349712,0.9989478964897368
0.000768261055955721,0.9989478964897368
0.000768261055955721,0.9989513802761946
0.0007725055921764709,0.9989513802761946
0.0007725055921764709,0.9989548640626524
0.0007788723965075956,0.9989548640626524
0.0007788723965075956,0.9989618316355681
0.0007894837370594702,0.9989618316355681
0.0007894837370594702,0.9989653154220259
0.0007916060051698452,0.9989653154220259
0.0007916060051698452,0.9989687992084837
0.0007979728095009699,0.9989687992084837
0.0007979728095009699,0.9989722829949416
0.0008128286862735943,0.9989722829949416
0.0008128286862735943,0.9989757667813993
0.000821317758715094,0.9989757667813993
0.000821317758715094,0.9989792505678572
0.0008340513673773435,0.9989792505678572
0.0008340513673773435,0.9989827343543151
0.0008467849760395931,0.9989827343543151
0.0008467849760395931,0.9989862181407728
0.0008701299252537172,0.9989862181407728
0.0008701299252537172,0.9989897019272307
0.0008955971425782162,0.9989897019272307
0.0008955971425782162,0.9989931857136884
0.0009146975555715905,0.9989931857136884
0.0009146975555715905,0.9989966695001463
0.0009189420917923403,0.9989966695001463
0.0009189420917923403,0.9990001532866042
0.0009231866280130902,0.9990001532866042
0.0009231866280130902,0.999003637073062
0.000925308896123465,0.999003637073062
0.000925308896123465,0.9990071208595198
0.000929553432344215,0.9990071208595198
0.000929553432344215,0.9990106046459776
0.0009337979685649648,0.9990106046459776
0.0009337979685649648,0.9990140884324354
0.001005955084317712,0.9990140884324354
0.001005955084317712,0.9990175722188933
0.0010123218886488369,0.9990175722188933
0.0010123218886488369,0.9990210560053511
0.0010399113740837108,0.9990210560053511
0.0010399113740837108,0.9990245397918089
0.0010993348811742085,0.9990245397918089
0.0010993348811742085,0.9990280235782667
0.0011078239536157083,0.9990280235782667
0.0011078239536157083,0.9990315073647246
0.0011354134390505822,0.9990315073647246
0.0011354134390505822,0.9990349911511824
0.001141780243381707,0.9990349911511824
0.001141780243381707,0.9990384749376402
0.001165125192595831,0.9990384749376402
0.001165125192595831,0.9990419587240981
0.00119059240992033,0.9990419587240981
0.00119059240992033,0.9990454425105558
0.001220304163465579,0.9990454425105558
0.001220304163465579,0.9990489262970137
0.0012287932359070785,0.9990489262970137
0.0012287932359070785,0.9990524100834716
0.0012330377721278284,0.9990524100834716
0.0012330377721278284,0.9990558938699293
0.0012478936489004528,0.9990558938699293
0.0012478936489004528,0.9990593776563872
0.001300950351659826,0.9990593776563872
0.001300950351659826,0.999062861442845
0.0013115616922117004,0.999062861442845
0.0013115616922117004,0.9990663452293028
0.0013136839603220755,0.9990663452293028
0.0013136839603220755,0.9990698290157607
0.0013412734457569494,0.9990698290157607
0.0013412734457569494,0.9990733128022184
0.0013858410760748227,0.9990733128022184
0.0013858410760748227,0.9990767965886763
0.0013879633441851976,0.9990767965886763
0.0013879633441851976,0.9990802803751341
0.0013922078804059475,0.9990802803751341
0.0013922078804059475,0.999083764161592
0.0014197973658408214,0.999083764161592
0.0014197973658408214,0.9990872479480498
0.0014367755107238208,0.9990872479480498
0.0014367755107238208,0.9990907317345076
0.0014431423150549456,0.9990907317345076
0.0014431423150549456,0.9990942155209654
0.00145375365560682,0.9990942155209654
0.00145375365560682,0.9990976993074232
0.0014601204599379448,0.9990976993074232
0.0014601204599379448,0.9991011830938811
0.0014749763367105694,0.9991011830938811
0.0014749763367105694,0.9991046668803389
0.0014898322134831938,0.9991046668803389
0.0014898322134831938,0.9991081506667967
0.0015025658221454433,0.9991081506667967
0.0015025658221454433,0.9991116344532546
0.0015068103583661932,0.9991116344532546
0.0015068103583661932,0.9991151182397123
0.001513177162697318,0.9991151182397123
0.001513177162697318,0.9991186020261702
0.001534399843801067,0.9991186020261702
0.001534399843801067,0.9991220858126281
0.0015428889162425667,0.9991220858126281
0.0015428889162425667,0.9991255695990858
0.0015556225249048162,0.9991255695990858
0.0015556225249048162,0.9991290533855437
0.0015704784016774408,0.9991290533855437
0.0015704784016774408,0.9991325371720015
0.0015980678871123147,0.9991325371720015
0.0015980678871123147,0.9991360209584593
0.0016490023217613128,0.9991360209584593
0.0016490023217613128,0.9991395047449172
0.0016617359304235623,0.9991395047449172
0.0016617359304235623,0.999142988531375
0.001668102734754687,0.999142988531375
0.001668102734754687,0.9991464723178328
0.0016723472709754368,0.9991464723178328
0.0016723472709754368,0.9991499561042906
0.0016765918071961867,0.9991499561042906
0.0016765918071961867,0.9991534398907485
0.0017126703650725604,0.9991534398907485
0.0017126703650725604,0.9991569236772063
0.0017190371694036852,0.9991569236772063
0.0017190371694036852,0.9991604074636641
0.001748748922948934,0.9991604074636641
0.001748748922948934,0.999163891250122
0.0017614825316111834,0.999163891250122
0.0017614825316111834,0.9991673750365797
0.0018081724300394318,0.9991673750365797
0.0018081724300394318,0.9991708588230376
0.0018378841835846806,0.9991708588230376
0.0018378841835846806,0.9991743426094954
0.0018675959371299295,0.9991743426094954
0.0018675959371299295,0.9991778263959532
0.0018697182052403044,0.9991778263959532
0.0018697182052403044,0.9991813101824111
0.0018888186182336787,0.9991813101824111
0.0018888186182336787,0.9991847939688688
0.0018951854225648034,0.9991847939688688
0.0018951854225648034,0.9991882777553267
0.0018994299587855533,0.9991882777553267
0.0018994299587855533,0.9991917615417846
0.001903674495006303,0.9991917615417846
0.001903674495006303,0.9991952453282423
0.0019164081036685526,0.9991952453282423
0.0019164081036685526,0.9991987291147002
0.0019439975891034267,0.9991987291147002
0.0019439975891034267,0.9992056966876158
0.0019673425383175507,0.9992056966876158
0.0019673425383175507,0.9992091804740737
0.002016154704856174,0.9992091804740737
0.002016154704856174,0.9992126642605315
0.0020203992410769236,0.9992126642605315
0.0020203992410769236,0.9992161480469893
0.0020479887265117975,0.9992161480469893
0.0020479887265117975,0.9992196318334471
0.0020522332627325476,0.9992196318334471
0.0020522332627325476,0.999223115619905
0.0020543555308429225,0.999223115619905
0.0020543555308429225,0.9992265994063628
0.002058600067063672,0.9992265994063628
0.002058600067063672,0.9992300831928206
0.0020777004800570467,0.9992300831928206
0.0020777004800570467,0.9992335669792785
0.0021095345017126703,0.9992335669792785
0.0021095345017126703,0.9992370507657362
0.0021137790379334204,0.9992370507657362
0.0021137790379334204,0.9992405345521941
0.00211802357415417,0.9992405345521941
0.00211802357415417,0.999244018338652
0.0021350017190371693,0.999244018338652
0.0021350017190371693,0.9992475021251097
0.0021583466682512935,0.9992475021251097
0.0021583466682512935,0.9992509859115676
0.002202914298569167,0.9992509859115676
0.002202914298569167,0.9992544696980253
0.002241115124555915,0.9992544696980253
0.002241115124555915,0.9992579534844832
0.0022432373926662905,0.9992579534844832
0.0022432373926662905,0.9992614372709411
0.0022453596607766653,0.9992614372709411
0.0022453596607766653,0.9992649210573988
0.0022538487332181647,0.9992649210573988
0.0022538487332181647,0.9992684048438567
0.0022623378056596645,0.9992684048438567
0.0022623378056596645,0.9992718886303145
0.0022708268781011644,0.9992718886303145
0.0022708268781011644,0.9992753724167723
0.002283560486763414,0.9992753724167723
0.002283560486763414,0.9992788562032302
0.0023111499721982878,0.9992788562032302
0.0023111499721982878,0.999282339989688
0.0023153945084190375,0.999282339989688
0.0023153945084190375,0.9992858237761458
0.002330250385191662,0.9992858237761458
0.002330250385191662,0.9992893075626036
0.0023663289430680356,0.9992893075626036
0.0023663289430680356,0.9992927913490615
0.00238118481984066,0.9992927913490615
0.00238118481984066,0.9992997589219771
0.002413018841496284,0.9992997589219771
0.002413018841496284,0.999303242708435
0.002429996986379283,0.999303242708435
0.002429996986379283,0.9993067264948927
0.0024448528631519076,0.9993067264948927
0.0024448528631519076,0.9993102102813506
0.0024490973993726577,0.9993102102813506
0.0024490973993726577,0.9993136940678085
0.0024512196674830325,0.9993136940678085
0.0024512196674830325,0.9993171778542662
0.0024533419355934074,0.9993171778542662
0.0024533419355934074,0.9993206616407241
0.002457586471814157,0.9993206616407241
0.002457586471814157,0.9993241454271818
0.0024745646166971567,0.9993241454271818
0.0024745646166971567,0.9993276292136397
0.0025382326600084043,0.9993276292136397
0.0025382326600084043,0.9993311130000976
0.0025849225584366523,0.9993311130000976
0.0025849225584366523,0.9993345967865553
0.002587044826547027,0.9993345967865553
0.002587044826547027,0.9993380805730132
0.0025997784352092767,0.9993380805730132
0.0025997784352092767,0.999341564359471
0.002612512043871526,0.999341564359471
0.002612512043871526,0.9993450481459288
0.002618878848202651,0.9993450481459288
0.002618878848202651,0.9993485319323867
0.0026443460655271502,0.9993485319323867
0.0026443460655271502,0.9993520157188445
0.002654957406079025,0.9993520157188445
0.002654957406079025,0.9993554995053023
0.0026592019422997746,0.9993554995053023
0.0026592019422997746,0.9993589832917601
0.0027377258623836466,0.9993589832917601
0.0027377258623836466,0.999362467078218
0.0027483372029355213,0.999362467078218
0.0027483372029355213,0.9993659508646758
0.002758948543487396,0.9993659508646758
0.002758948543487396,0.9993694346511336
0.0027674376159288953,0.9993694346511336
0.0027674376159288953,0.9993729184375915
0.002871428753337267,0.9993729184375915
0.002871428753337267,0.9993764022240492
0.0029202409198758896,0.9993764022240492
0.0029202409198758896,0.9993798860105071
0.0029520749415315136,0.9993798860105071
0.0029520749415315136,0.999383369796965
0.0029711753545248877,0.999383369796965
0.0029711753545248877,0.9993903373698806
0.0031664240206793807,0.9993903373698806
0.0031664240206793807,0.9993938211563383
0.0031897689698935044,0.9993938211563383
0.0031897689698935044,0.9993973049427962
0.0032237252596595033,0.9993973049427962
0.0032237252596595033,0.9994007887292541
0.0032385811364321277,0.9994007887292541
0.0032385811364321277,0.9994042725157118
0.0032428256726528774,0.9994042725157118
0.0032428256726528774,0.9994077563021697
0.0032449479407632527,0.9994077563021697
0.0032449479407632527,0.9994112400886275
0.0032470702088736275,0.9994112400886275
0.0032470702088736275,0.9994147238750853
0.003253437013204752,0.9994147238750853
0.003253437013204752,0.999421691448001
0.003257681549425502,0.999421691448001
0.003257681549425502,0.9994251752344588
0.0032746596943085014,0.9994251752344588
0.0032746596943085014,0.9994286590209166
0.003287393302970751,0.9994286590209166
0.003287393302970751,0.9994321428073745
0.0032980046435226256,0.9994321428073745
0.0032980046435226256,0.9994356265938323
0.00331286052029525,0.9994356265938323
0.00331286052029525,0.9994391103802901
0.0033446945419508736,0.9994391103802901
0.0033446945419508736,0.999442594166748
0.003357428150613123,0.999442594166748
0.003357428150613123,0.9994460779532057
0.0033595504187234984,0.9994460779532057
0.0033595504187234984,0.9994495617396636
0.003361672686833873,0.9994495617396636
0.003361672686833873,0.9994530455261215
0.003363794954944248,0.9994530455261215
0.003363794954944248,0.9994565293125792
0.003365917223054623,0.9994565293125792
0.003365917223054623,0.9994600130990371
0.003495375577787493,0.9994600130990371
0.003495375577787493,0.999463496885495
0.003684257439610861,0.999463496885495
0.003684257439610861,0.9994669806719527
0.003711846925045735,0.9994669806719527
0.003711846925045735,0.9994704644584106
0.0037436809467013585,0.9994704644584106
0.0037436809467013585,0.9994739482448683
0.0037670258959154827,0.9994739482448683
0.0037670258959154827,0.9994774320313262
0.003779759504577732,0.9994774320313262
0.003779759504577732,0.9994809158177841
0.0038200825986748556,0.9994809158177841
0.0038200825986748556,0.9994843996042418
0.003926196004193602,0.9994843996042418
0.003926196004193602,0.9994878833906997
0.003945296417186976,0.9994878833906997
0.003945296417186976,0.9994913671771575
0.003970763634511475,0.9994913671771575
0.003970763634511475,0.9994948509636153
0.003985619511284099,0.9994948509636153
0.003985619511284099,0.9994983347500732
0.003991986315615224,0.9994983347500732
0.003991986315615224,0.999501818536531
0.004032309409712348,0.999501818536531
0.004032309409712348,0.9995053023229888
0.004059898895147222,0.9995053023229888
0.004059898895147222,0.9995087861094466
0.004076877040030221,0.9995087861094466
0.004076877040030221,0.9995122698959045
0.0040938551849132206,0.9995122698959045
0.0040938551849132206,0.9995157536823623
0.004123566938458469,0.9995157536823623
0.004123566938458469,0.9995192374688201
0.004127811474679219,0.9995192374688201
0.004127811474679219,0.999522721255278
0.004144789619562219,0.999522721255278
0.004144789619562219,0.9995262050417357
0.004197846322321591,0.9995262050417357
0.004197846322321591,0.9995296888281936
0.004212702199094216,0.9995296888281936
0.004212702199094216,0.9995331726146515
0.004303959727840338,0.9995331726146515
0.004303959727840338,0.9995366564011092
0.00437823911170346,0.9995366564011092
0.00437823911170346,0.9995401401875671
0.004384605916034585,0.9995401401875671
0.004384605916034585,0.9995436239740249
0.004514064270767454,0.9995436239740249
0.004514064270767454,0.9995471077604827
0.004605321799513576,0.9995471077604827
0.004605321799513576,0.9995505915469406
0.004751758299129445,0.9995505915469406
0.004751758299129445,0.9995540753333984
0.004798448197557694,0.9995540753333984
0.004798448197557694,0.9995575591198562
0.004821793146771818,0.9995575591198562
0.004821793146771818,0.999561042906314
0.004872727581420816,0.999561042906314
0.004872727581420816,0.9995645266927718
0.004934273356621689,0.9995645266927718
0.004934273356621689,0.9995680104792297
0.004947006965283938,0.9995680104792297
0.004947006965283938,0.9995714942656875
0.004957618305835813,0.9995714942656875
0.004957618305835813,0.9995749780521453
0.005046753566471559,0.9995749780521453
0.005046753566471559,0.9995784618386031
0.005104054805451682,0.9995784618386031
0.005104054805451682,0.999581945625061
0.005214412747191179,0.999581945625061
0.005214412747191179,0.9995854294115188
0.0053056702759373,0.9995854294115188
0.0053056702759373,0.9995889131979766
0.005367216051138172,0.9995889131979766
0.005367216051138172,0.9995923969844345
0.005394805536573046,0.9995923969844345
0.005394805536573046,0.9995958807708922
0.005420272753897545,0.9995958807708922
0.005420272753897545,0.9995993645573501
0.005428761826339045,0.9995993645573501
0.005428761826339045,0.999602848343808
0.005462718116105044,0.999602848343808
0.005462718116105044,0.9996063321302657
0.0055221416231955416,0.9996063321302657
0.0055221416231955416,0.9996098159167236
0.005539119768078541,0.9996098159167236
0.005539119768078541,0.9996132997031814
0.005664333586590661,0.9996132997031814
0.005664333586590661,0.9996167834896392
0.005736490702343409,0.9996167834896392
0.005736490702343409,0.9996202672760971
0.00581501462242728,0.9996202672760971
0.00581501462242728,0.9996237510625549
0.005838359571641405,0.9996237510625549
0.005838359571641405,0.9996272348490127
0.005870193593297029,0.9996272348490127
0.005870193593297029,0.9996307186354705
0.005982673803146899,0.9996307186354705
0.005982673803146899,0.9996342024219284
0.0060569531870100215,0.9996342024219284
0.0060569531870100215,0.9996376862083862
0.006112132157879769,0.9996376862083862
0.006112132157879769,0.999641169994844
0.006156699788197642,0.999641169994844
0.006156699788197642,0.9996446537813019
0.006218245563398515,0.9996446537813019
0.006218245563398515,0.9996481375677596
0.006235223708281515,0.9996481375677596
0.006235223708281515,0.9996516213542175
0.006247957316943764,0.9996516213542175
0.006247957316943764,0.9996551051406753
0.006252201853164514,0.9996551051406753
0.006252201853164514,0.9996585889271331
0.006256446389385264,0.9996585889271331
0.006256446389385264,0.999662072713591
0.006267057729937138,0.999662072713591
0.006267057729937138,0.9996655565000487
0.006307380824034262,0.9996655565000487
0.006307380824034262,0.9996690402865066
0.00634982618624176,0.9996690402865066
0.00634982618624176,0.9996725240729645
0.0064347169106567575,0.9996725240729645
0.0064347169106567575,0.9996760078594222
0.006447450519319007,0.9996760078594222
0.006447450519319007,0.9996794916458801
0.006449572787429382,0.9996794916458801
0.006449572787429382,0.9996829754323379
0.006479284540974631,0.9996829754323379
0.006479284540974631,0.9996864592187957
0.006508996294519879,0.9996864592187957
0.006508996294519879,0.9996899430052536
0.006523852171292504,0.9996899430052536
0.006523852171292504,0.9996934267917114
0.006532341243734003,0.9996934267917114
0.006532341243734003,0.9996969105781692
0.0065471971205066275,0.9996969105781692
0.0065471971205066275,0.999700394364627
0.006551441656727378,0.999700394364627
0.006551441656727378,0.9997038781510849
0.0065790311421622515,0.9997038781510849
0.0065790311421622515,0.9997073619375427
0.006598131555155626,0.9997073619375427
0.006598131555155626,0.9997108457240005
0.006623598772480125,0.9997108457240005
0.006623598772480125,0.9997143295104584
0.006668166402797999,0.9997143295104584
0.006668166402797999,0.9997178132969161
0.006691511352012122,0.9997178132969161
0.006691511352012122,0.9997247808698319
0.006702122692563997,0.9997247808698319
0.006702122692563997,0.9997282646562896
0.006704244960674372,0.9997282646562896
0.006704244960674372,0.9997317484427475
0.0067169785693366214,0.9997317484427475
0.0067169785693366214,0.9997352322292052
0.006721223105557371,0.9997352322292052
0.006721223105557371,0.9997387160156631
0.0067297121779988705,0.9997387160156631
0.0067297121779988705,0.9997456835885787
0.0067424457866611205,0.9997456835885787
0.0067424457866611205,0.9997526511614944
0.0067488125909922455,0.9997526511614944
0.0067488125909922455,0.9997561349479522
0.006753057127212995,0.9997561349479522
0.006753057127212995,0.9997596187344101
0.00675517939532337,0.9997596187344101
0.00675517939532337,0.9997665863073257
0.00675942393154412,0.9997665863073257
0.00675942393154412,0.9997700700937835
0.006765790735875244,0.9997700700937835
0.006765790735875244,0.999780521453157
0.006784891148868619,0.999780521453157
0.006784891148868619,0.9997874890260726
0.006787013416978994,0.9997874890260726
0.006787013416978994,0.9997909728125305
0.006791257953199743,0.9997909728125305
0.006791257953199743,0.9997979403854461
0.006797624757530868,0.9997979403854461
0.006797624757530868,0.999801424171904
0.006801869293751618,0.999801424171904
0.006801869293751618,0.9998083917448196
0.006814602902413868,0.9998083917448196
0.006814602902413868,0.9998118755312775
0.006837947851627992,0.9998118755312775
0.006837947851627992,0.9998153593177352
0.006840070119738367,0.9998153593177352
0.006840070119738367,0.9998188431041931
0.006848559192179866,0.9998188431041931
0.006848559192179866,0.9998258106771087
0.006863415068952491,0.9998258106771087
0.006863415068952491,0.9998292944635666
0.006865537337062866,0.9998292944635666
0.006865537337062866,0.9998327782500244
0.006878270945725115,0.9998327782500244
0.006878270945725115,0.9998362620364822
0.0068931268224977395,0.9998362620364822
0.0068931268224977395,0.99983974582294
0.006905860431159989,0.99983974582294
0.006905860431159989,0.9998432296093979
0.006929205380374113,0.9998432296093979
0.006929205380374113,0.9998467133958557
0.006941938989036363,0.9998467133958557
0.006941938989036363,0.9998501971823135
0.006944061257146738,0.9998501971823135
0.006944061257146738,0.9998536809687714
0.006958917133919362,0.9998536809687714
0.006958917133919362,0.9998571647552291
0.0069631616701401125,0.9998571647552291
0.0069631616701401125,0.999860648541687
0.006980139815023111,0.999860648541687
0.006980139815023111,0.9998641323281449
0.006982262083133487,0.9998641323281449
0.006982262083133487,0.9998676161146026
0.006984384351243861,0.9998676161146026
0.006984384351243861,0.9998710999010605
0.006990751155574986,0.9998710999010605
0.006990751155574986,0.9998745836875182
0.007007729300457986,0.9998745836875182
0.007007729300457986,0.9998780674739761
0.007020462909120235,0.9998780674739761
0.007020462909120235,0.999881551260434
0.007048052394555109,0.999881551260434
0.007048052394555109,0.9998850350468917
0.007071397343769233,0.9998850350468917
0.007071397343769233,0.9998885188333496
0.007077764148100358,0.9998885188333496
0.007077764148100358,0.9998920026198074
0.007090497756762608,0.9998920026198074
0.007090497756762608,0.9998954864062652
0.007098986829204107,0.9998954864062652
0.007098986829204107,0.9998989701927231
0.0071138427059767315,0.9998989701927231
0.0071138427059767315,0.9999024539791809
0.0071202095103078565,0.9999024539791809
0.0071202095103078565,0.9999059377656387
0.007128698582749356,0.9999059377656387
0.007128698582749356,0.9999094215520965
0.0071329431189701056,0.9999094215520965
0.0071329431189701056,0.9999129053385544
0.007135065387080481,0.9999129053385544
0.007135065387080481,0.9999163891250122
0.007141432191411606,0.9999163891250122
0.007141432191411606,0.99991987291147
0.00715204353196348,0.99991987291147
0.00715204353196348,0.9999268404843856
0.00716053260440498,0.9999268404843856
0.00716053260440498,0.9999338080573014
0.007171143944956855,0.9999338080573014
0.007171143944956855,0.9999372918437591
0.007200855698502103,0.9999372918437591
0.007200855698502103,0.9999477432031326
0.007202977966612478,0.9999477432031326
0.007202977966612478,0.9999512269895905
0.007211467039053978,0.9999512269895905
0.007211467039053978,0.9999547107760483
0.007215711575274728,0.9999547107760483
0.007215711575274728,0.9999581945625061
0.007224200647716227,0.9999581945625061
0.007224200647716227,0.9999651621354217
0.0072390565244888514,0.9999651621354217
0.0072390565244888514,0.9999756134947952
0.007241178792599227,0.9999756134947952
0.007241178792599227,0.9999860648541687
0.007243301060709601,0.9999860648541687
0.007243301060709601,0.9999895486406265
0.012116028642130417,0.9999895486406265
0.012116028642130417,0.9999930324270844
0.017351664070425345,0.9999930324270844
0.017351664070425345,0.9999965162135421
0.023037220338119755,0.9999965162135421
0.023037220338119755,1.0
1.0,1.0
